{"cameraMode":{"drawMode":0,"name":"Shaded","section":"Shading Mode"},"sceneLighting":true,"audioPlay":false,"sceneViewState":{"showFog":false,"showMaterialUpdate":false,"showSkybox":true,"showFlares":true,"showImageEffects":true,"showParticleSystems":true},"in2DMode":false,"pivot":{"x":0.7629146575927734,"y":-1.8369674682617188,"z":-1.3107337951660157},"rotation":{"x":0.42520853877067568,"y":0.2621259093284607,"z":-0.13013127446174622,"w":0.8564835786819458},"size":27.41600227355957,"orthographic":false}